epoch,steps,cosine_pearson,cosine_spearman
1.0,35,0.10933817077007427,0.10751725876493298
2.0,70,0.09839462483079627,0.08750311988131736
3.0,105,0.14989981567926303,0.152388270120644
4.0,140,0.17074456929753593,0.16700973812039555
